Workbook

Sheet 词根拆分
A1: 词根 | B1: 搜索人气 | F1: {=INDEX($D$1:$D$861,ROW()*2)} -> 手链 | G1: {=INDEX($D$1:$D$861,ROW()*4-1)} -> 1234.43 | H1: =G1*10000 -> 12344300
A2: 手链 | B2: 12344300 | D2: 手链 | F2: {=INDEX($D$1:$D$861,ROW()*2)} -> 手串 | G2: {=INDEX($D$1:$D$861,ROW()*4-1)} -> 166.37 | H2: =G2*10000 -> 1663700
A3: 手串 | B3: 5805400 | D3: 1234.43 | F3: {=INDEX($D$1:$D$861,ROW()*2)} -> 朱砂 | G3: {=INDEX($D$1:$D$861,ROW()*4-1)} -> 75.49 | H3: =G3*10000 -> 754900
A4: 朱砂 | B4: 1663700 | D4: 手串 | F4: {=INDEX($D$1:$D$861,ROW()*2)} -> 珍珠 | G4: {=INDEX($D$1:$D$861,ROW()*4-1)} -> 56.32 | H4: =G4*10000 -> 563200
A5: 珍珠 | B5: 1034200 | D5: 580.54 | F5: {=INDEX($D$1:$D$861,ROW()*2)} -> 水晶 | G5: {=INDEX($D$1:$D$861,ROW()*4-1)} -> 51.6 | H5: =G5*10000 -> 516000
A6: 水晶 | B6: 754900 | D6: 朱砂 | F6: {=INDEX($D$1:$D$861,ROW()*2)} -> redline | G6: {=INDEX($D$1:$D$861,ROW()*4-1)} -> 41.54 | H6: =G6*10000 -> 415400
A7: redline | B7: 690500 | D7: 166.37 | F7: {=INDEX($D$1:$D$861,ROW()*2)} -> 手绳 | G7: {=INDEX($D$1:$D$861,ROW()*4-1)} -> 40.03 | H7: =G7*10000 -> 400300
A8: 手绳 | B8: 563200 | D8: 珍珠 | F8: {=INDEX($D$1:$D$861,ROW()*2)} -> 女 | G8: {=INDEX($D$1:$D$861,ROW()*4-1)} -> 38.16 | H8: =G8*10000 -> 381600
A9: 女 | B9: 545000 | D9: 103.42 | F9: {=INDEX($D$1:$D$861,ROW()*2)} -> 红绳 | G9: {=INDEX($D$1:$D$861,ROW()*4-1)} -> 35.81 | H9: =G9*10000 -> 358100
A10: 红绳 | B10: 516000 | D10: 水晶 | F10: {=INDEX($D$1:$D$861,ROW()*2)} -> 银 | G10: {=INDEX($D$1:$D$861,ROW()*4-1)} -> 33.99 | H10: =G10*10000 -> 339900
A11: 银 | B11: 451500 | D11: 75.49 | F11: {=INDEX($D$1:$D$861,ROW()*2)} -> 潘多拉 | G11: {=INDEX($D$1:$D$861,ROW()*4-1)} -> 30.42 | H11: =G11*10000 -> 304200
A12: 潘多拉 | B12: 415400 | D12: redline | F12: {=INDEX($D$1:$D$861,ROW()*2)} -> 女生 | G12: {=INDEX($D$1:$D$861,ROW()*4-1)} -> 29.61 | H12: =G12*10000 -> 296100
A13: 女生 | B13: 401300 | D13: 69.05 | F13: {=INDEX($D$1:$D$861,ROW()*2)} -> 女款 | G13: {=INDEX($D$1:$D$861,ROW()*4-1)} -> 29.35 | H13: =G13*10000 -> 293500
A14: 女款 | B14: 400300 | D14: 手绳 | F14: {=INDEX($D$1:$D$861,ROW()*2)} -> 四叶草 | G14: {=INDEX($D$1:$D$861,ROW()*4-1)} -> 27.16 | H14: =G14*10000 -> 271600
A15: 四叶草 | B15: 384600 | D15: 56.32 | F15: {=INDEX($D$1:$D$861,ROW()*2)} -> 情侣 | G15: {=INDEX($D$1:$D$861,ROW()*4-1)} -> 26.06 | H15: =G15*10000 -> 260600
A16: 情侣 | B16: 381600 | D16: 女 | F16: {=INDEX($D$1:$D$861,ROW()*2)} -> 串珠 | G16: {=INDEX($D$1:$D$861,ROW()*4-1)} -> 23.54 | H16: =G16*10000 -> 235400
A17: 串珠 | B17: 377100 | D17: 54.5 | F17: {=INDEX($D$1:$D$861,ROW()*2)} -> 小众 | G17: {=INDEX($D$1:$D$861,ROW()*4-1)} -> 23.16 | H17: =G17*10000 -> 231600
A18: 小众 | B18: 358100 | D18: 红绳 | F18: {=INDEX($D$1:$D$861,ROW()*2)} -> 绿松石 | G18: {=INDEX($D$1:$D$861,ROW()*4-1)} -> 21.45 | H18: =G18*10000 -> 214500
A19: 绿松石 | B19: 352200 | D19: 51.6 | F19: {=INDEX($D$1:$D$861,ROW()*2)} -> 纯银 | G19: {=INDEX($D$1:$D$861,ROW()*4-1)} -> 20.13 | H19: =G19*10000 -> 201300
A20: 纯银 | B20: 339900 | D20: 银 | F20: {=INDEX($D$1:$D$861,ROW()*2)} -> 旗舰店 | G20: {=INDEX($D$1:$D$861,ROW()*4-1)} -> 19.21 | H20: =G20*10000 -> 192100
A21: 旗舰店 | B21: 338800 | D21: 45.15 | F21: {=INDEX($D$1:$D$861,ROW()*2)} -> 官方 | G21: {=INDEX($D$1:$D$861,ROW()*4-1)} -> 17.46 | H21: =G21*10000 -> 174600
A22: 官方 | B22: 304200 | D22: 潘多拉 | F22: {=INDEX($D$1:$D$861,ROW()*2)} -> 男士 | G22: {=INDEX($D$1:$D$861,ROW()*4-1)} -> 16.55 | H22: =G22*10000 -> 165500
A23: 男士 | B23: 296600 | D23: 41.54 | F23: {=INDEX($D$1:$D$861,ROW()*2)} -> 天然 | G23: {=INDEX($D$1:$D$861,ROW()*4-1)} -> 16.36 | H23: =G23*10000 -> 163600
A24: 天然 | B24: 296100 | D24: 女生 | F24: {=INDEX($D$1:$D$861,ROW()*2)} -> 紫水晶 | G24: {=INDEX($D$1:$D$861,ROW()*4-1)} -> 15.03 | H24: =G24*10000 -> 150300
A25: 紫水晶 | B25: 295700 | D25: 40.13 | F25: {=INDEX($D$1:$D$861,ROW()*2)} -> 男款 | G25: {=INDEX($D$1:$D$861,ROW()*4-1)} -> 14.7 | H25: =G25*10000 -> 147000
A26: 男款 | B26: 293500 | D26: 女款 | F26: {=INDEX($D$1:$D$861,ROW()*2)} -> 碧玺 | G26: {=INDEX($D$1:$D$861,ROW()*4-1)} -> 13.63 | H26: =G26*10000 -> 136300
A27: 碧玺 | B27: 285500 | D27: 40.03 | F27: {=INDEX($D$1:$D$861,ROW()*2)} -> 情绪稳定 | G27: {=INDEX($D$1:$D$861,ROW()*4-1)} -> 12.58 | H27: =G27*10000 -> 125800
A28: 情绪稳定 | B28: 271600 | D28: 四叶草 | F28: {=INDEX($D$1:$D$861,ROW()*2)} -> 黑曜石 | G28: {=INDEX($D$1:$D$861,ROW()*4-1)} -> 10.85 | H28: =G28*10000 -> 108500
A29: 黑曜石 | B29: 261400 | D29: 38.46 | F29: {=INDEX($D$1:$D$861,ROW()*2)} -> 玛瑙 | G29: {=INDEX($D$1:$D$861,ROW()*4-1)} -> 10.23 | H29: =G29*10000 -> 102300
A30: 玛瑙 | B30: 260600 | D30: 情侣 | F30: {=INDEX($D$1:$D$861,ROW()*2)} -> 石榴石 | G30: {=INDEX($D$1:$D$861,ROW()*4-1)} -> 9.71 | H30: =G30*10000 -> 97100
A31: 石榴石 | B31: 248900 | D31: 38.16 | F31: {=INDEX($D$1:$D$861,ROW()*2)} -> 精致 | G31: {=INDEX($D$1:$D$861,ROW()*4-1)} -> 9.53 | H31: =G31*10000 -> 95300
A32: 精致 | B32: 235400 | D32: 串珠 | F32: {=INDEX($D$1:$D$861,ROW()*2)} -> 男生 | G32: {=INDEX($D$1:$D$861,ROW()*4-1)} -> 9.4 | H32: =G32*10000 -> 94000
A33: 男生 | B33: 234800 | D33: 37.71 | F33: {=INDEX($D$1:$D$861,ROW()*2)} -> 南红 | G33: {=INDEX($D$1:$D$861,ROW()*4-1)} -> 9.16 | H33: =G33*10000 -> 91600
A34: 南红 | B34: 231600 | D34: 小众 | F34: {=INDEX($D$1:$D$861,ROW()*2)} -> 男 | G34: {=INDEX($D$1:$D$861,ROW()*4-1)} -> 8.91 | H34: =G34*10000 -> 89100
A35: 男 | B35: 217300 | D35: 35.81 | F35: {=INDEX($D$1:$D$861,ROW()*2)} -> 编织绳 | G35: {=INDEX($D$1:$D$861,ROW()*4-1)} -> 8.64 | H35: =G35*10000 -> 86400
A36: 编织绳 | B36: 214500 | D36: 绿松石 | F36: {=INDEX($D$1:$D$861,ROW()*2)} -> 佛珠 | G36: {=INDEX($D$1:$D$861,ROW()*4-1)} -> 8.42 | H36: =G36*10000 -> 84200
A37: 佛珠 | B37: 207600 | D37: 35.22 | F37: {=INDEX($D$1:$D$861,ROW()*2)} -> 黄水晶 | G37: {=INDEX($D$1:$D$861,ROW()*4-1)} -> 8.38 | H37: =G37*10000 -> 83800
A38: 黄水晶 | B38: 201300 | D38: 纯银 | F38: {=INDEX($D$1:$D$861,ROW()*2)} -> 轻奢 | G38: {=INDEX($D$1:$D$861,ROW()*4-1)} -> 7.77 | H38: =G38*10000 -> 77700
A39: 轻奢 | B39: 199700 | D39: 33.99 | F39: {=INDEX($D$1:$D$861,ROW()*2)} -> 小叶紫檀 | G39: {=INDEX($D$1:$D$861,ROW()*4-1)} -> 7.5 | H39: =G39*10000 -> 75000
A40: 小叶紫檀 | B40: 192100 | D40: 旗舰店 | F40: {=INDEX($D$1:$D$861,ROW()*2)} -> 正品 | G40: {=INDEX($D$1:$D$861,ROW()*4-1)} -> 7 | H40: =G40*10000 -> 70000
A41: 正品 | B41: 191500 | D41: 33.88 | F41: {=INDEX($D$1:$D$861,ROW()*2)} -> 海蓝宝 | G41: {=INDEX($D$1:$D$861,ROW()*4-1)} -> 6.95 | H41: =G41*10000 -> 69500
A42: 海蓝宝 | B42: 174600 | D42: 官方 | F42: {=INDEX($D$1:$D$861,ROW()*2)} -> 新款 | G42: {=INDEX($D$1:$D$861,ROW()*4-1)} -> 6.84 | H42: =G42*10000 -> 68400
A43: 新款 | B43: 171900 | D43: 30.42 | F43: {=INDEX($D$1:$D$861,ROW()*2)} -> 编绳 | G43: {=INDEX($D$1:$D$861,ROW()*4-1)} -> 6.59 | H43: =G43*10000 -> 65900
A44: 编绳 | B44: 165500 | D44: 男士 | F44: {=INDEX($D$1:$D$861,ROW()*2)} -> 十八籽 | G44: {=INDEX($D$1:$D$861,ROW()*4-1)} -> 6.45 | H44: =G44*10000 -> 64500
A45: 十八籽 | B45: 164100 | D45: 29.66 | F45: {=INDEX($D$1:$D$861,ROW()*2)} -> 编织 | G45: {=INDEX($D$1:$D$861,ROW()*4-1)} -> 6.43 | H45: =G45*10000 -> 64300
A46: 编织 | B46: 163600 | D46: 天然 | F46: {=INDEX($D$1:$D$861,ROW()*2)} -> 手镯 | G46: {=INDEX($D$1:$D$861,ROW()*4-1)} -> 6.27 | H46: =G46*10000 -> 62700
A47: 手镯 | B47: 152300 | D47: 29.61 | F47: {=INDEX($D$1:$D$861,ROW()*2)} -> 手饰 | G47: {=INDEX($D$1:$D$861,ROW()*4-1)} -> 6 | H47: =G47*10000 -> 60000
A48: 手饰 | B48: 150300 | D48: 紫水晶 | F48: {=INDEX($D$1:$D$861,ROW()*2)} -> 2024 | G48: {=INDEX($D$1:$D$861,ROW()*4-1)} -> 5.66 | H48: =G48*10000 -> 56600
A49: 2024 | B49: 149800 | D49: 29.57 | F49: {=INDEX($D$1:$D$861,ROW()*2)} -> 纪梵希 | G49: {=INDEX($D$1:$D$861,ROW()*4-1)} -> 5.55 | H49: =G49*10000 -> 55500
A50: 纪梵希 | B50: 147000 | D50: 男款 | F50: {=INDEX($D$1:$D$861,ROW()*2)} -> 白水晶 | G50: {=INDEX($D$1:$D$861,ROW()*4-1)} -> 5.31 | H50: =G50*10000 -> 53100
A51: 白水晶 | B51: 145900 | D51: 29.35 | F51: {=INDEX($D$1:$D$861,ROW()*2)} -> 檀木 | G51: {=INDEX($D$1:$D$861,ROW()*4-1)} -> 5.18 | H51: =G51*10000 -> 51800
A52: 檀木 | B52: 136300 | D52: 碧玺 | F52: {=INDEX($D$1:$D$861,ROW()*2)} -> 粉水晶 | G52: {=INDEX($D$1:$D$861,ROW()*4-1)} -> 5.13 | H52: =G52*10000 -> 51300
A53: 粉水晶 | B53: 129100 | D53: 28.55 | F53: {=INDEX($D$1:$D$861,ROW()*2)} -> 施华洛世奇 | G53: {=INDEX($D$1:$D$861,ROW()*4-1)} -> 4.85 | H53: =G53*10000 -> 48500
A54: 施华洛世奇 | B54: 125800 | D54: 情绪稳定 | F54: {=INDEX($D$1:$D$861,ROW()*2)} -> 配饰 | G54: {=INDEX($D$1:$D$861,ROW()*4-1)} -> 4.78 | H54: =G54*10000 -> 47800
A55: 配饰 | B55: 118400 | D55: 27.16 | F55: {=INDEX($D$1:$D$861,ROW()*2)} -> 判官 | G55: {=INDEX($D$1:$D$861,ROW()*4-1)} -> 4.74 | H55: =G55*10000 -> 47400
A56: 判官 | B56: 108500 | D56: 黑曜石 | F56: {=INDEX($D$1:$D$861,ROW()*2)} -> 绿幽灵 | G56: {=INDEX($D$1:$D$861,ROW()*4-1)} -> 4.57 | H56: =G56*10000 -> 45700
A57: 绿幽灵 | B57: 106200 | D57: 26.14 | F57: {=INDEX($D$1:$D$861,ROW()*2)} -> 五花 | G57: {=INDEX($D$1:$D$861,ROW()*4-1)} -> 4.46 | H57: =G57*10000 -> 44600
A58: 五花 | B58: 102300 | D58: 玛瑙 | F58: {=INDEX($D$1:$D$861,ROW()*2)} -> 和田玉 | G58: {=INDEX($D$1:$D$861,ROW()*4-1)} -> 4.08 | H58: =G58*10000 -> 40800
A59: 和田玉 | B59: 98400 | D59: 26.06 | F59: {=INDEX($D$1:$D$861,ROW()*2)} -> lv | G59: {=INDEX($D$1:$D$861,ROW()*4-1)} -> 3.83 | H59: =G59*10000 -> 38300
A60: lv | B60: 97100 | D60: 石榴石 | F60: {=INDEX($D$1:$D$861,ROW()*2)} -> 月光石 | G60: {=INDEX($D$1:$D$861,ROW()*4-1)} -> 3.52 | H60: =G60*10000 -> 35200
A61: 月光石 | B61: 96700 | D61: 24.89 | F61: {=INDEX($D$1:$D$861,ROW()*2)} -> 桃木 | G61: {=INDEX($D$1:$D$861,ROW()*4-1)} -> 3.41 | H61: =G61*10000 -> 34100
A62: 桃木 | B62: 95300 | D62: 精致 | F62: {=INDEX($D$1:$D$861,ROW()*2)} -> 珠子 | G62: {=INDEX($D$1:$D$861,ROW()*4-1)} -> 3.32 | H62: =G62*10000 -> 33200
A63: 珠子 | B63: 95200 | D63: 23.54 | F63: {=INDEX($D$1:$D$861,ROW()*2)} -> 红玛瑙 | G63: {=INDEX($D$1:$D$861,ROW()*4-1)} -> 3.16 | H63: =G63*10000 -> 31600
A64: 红玛瑙 | B64: 94000 | D64: 男生 | F64: {=INDEX($D$1:$D$861,ROW()*2)} -> 好运 | G64: {=INDEX($D$1:$D$861,ROW()*4-1)} -> 2.9 | H64: =G64*10000 -> 29000
A65: 好运 | B65: 93000 | D65: 23.48 | F65: {=INDEX($D$1:$D$861,ROW()*2)} -> 琉璃 | G65: {=INDEX($D$1:$D$861,ROW()*4-1)} -> 2.83 | H65: =G65*10000 -> 28300
A66: 琉璃 | B66: 91600 | D66: 南红 | F66: {=INDEX($D$1:$D$861,ROW()*2)} -> 叠戴 | G66: {=INDEX($D$1:$D$861,ROW()*4-1)} -> 2.79 | H66: =G66*10000 -> 27900
A67: 叠戴 | B67: 89100 | D67: 23.16 | F67: {=INDEX($D$1:$D$861,ROW()*2)} -> 金丝楠木 | G67: {=INDEX($D$1:$D$861,ROW()*4-1)} -> 2.69 | H67: =G67*10000 -> 26900
A68: 金丝楠木 | B68: 89100 | D68: 男 | F68: {=INDEX($D$1:$D$861,ROW()*2)} -> 西太后 | G68: {=INDEX($D$1:$D$861,ROW()*4-1)} -> 2.55 | H68: =G68*10000 -> 25500
A69: 西太后 | B69: 88600 | D69: 21.73 | F69: {=INDEX($D$1:$D$861,ROW()*2)} -> 景德镇 | G69: {=INDEX($D$1:$D$861,ROW()*4-1)} -> 2.5 | H69: =G69*10000 -> 25000
A70: 景德镇 | B70: 86400 | D70: 编织绳 | F70: {=INDEX($D$1:$D$861,ROW()*2)} -> 一缕瓷 | G70: {=INDEX($D$1:$D$861,ROW()*4-1)} -> 2.49 | H70: =G70*10000 -> 24900
A71: 一缕瓷 | B71: 86100 | D71: 21.45 | F71: {=INDEX($D$1:$D$861,ROW()*2)} -> 虎眼石 | G71: {=INDEX($D$1:$D$861,ROW()*4-1)} -> 2.34 | H71: =G71*10000 -> 23400
A72: 虎眼石 | B72: 84200 | D72: 佛珠 | F72: {=INDEX($D$1:$D$861,ROW()*2)} -> 玉 | G72: {=INDEX($D$1:$D$861,ROW()*4-1)} -> 2.21 | H72: =G72*10000 -> 22100
A73: 玉 | B73: 84000 | D73: 20.76 | F73: {=INDEX($D$1:$D$861,ROW()*2)} -> 绿檀 | G73: {=INDEX($D$1:$D$861,ROW()*4-1)} -> 2.2 | H73: =G73*10000 -> 22000
A74: 绿檀 | B74: 83800 | D74: 黄水晶 | F74: {=INDEX($D$1:$D$861,ROW()*2)} -> 闺蜜 | G74: {=INDEX($D$1:$D$861,ROW()*4-1)} -> 2.18 | H74: =G74*10000 -> 21800
A75: 闺蜜 | B75: 80600 | D75: 20.13 | F75: {=INDEX($D$1:$D$861,ROW()*2)} -> 银饰 | G75: {=INDEX($D$1:$D$861,ROW()*4-1)} -> 2.14 | H75: =G75*10000 -> 21400
A76: 银饰 | B76: 77700 | D76: 轻奢 | F76: {=INDEX($D$1:$D$861,ROW()*2)} -> 黄金 | G76: {=INDEX($D$1:$D$861,ROW()*4-1)} -> 2.11 | H76: =G76*10000 -> 21100
A77: 黄金 | B77: 76900 | D77: 19.97 | F77: {=INDEX($D$1:$D$861,ROW()*2)} -> 运动感 | G77: {=INDEX($D$1:$D$861,ROW()*4-1)} -> 2.04 | H77: =G77*10000 -> 20400
A78: 运动感 | B78: 75000 | D78: 小叶紫檀 | F78: {=INDEX($D$1:$D$861,ROW()*2)} -> 儿童 | G78: {=INDEX($D$1:$D$861,ROW()*4-1)} -> 2.02 | H78: =G78*10000 -> 20200
A79: 儿童 | B79: 73500 | D79: 19.21 | F79: {=INDEX($D$1:$D$861,ROW()*2)} -> 冷门 | G79: {=INDEX($D$1:$D$861,ROW()*4-1)} -> 2.01 | H79: =G79*10000 -> 20100
A80: 冷门 | B80: 70000 | D80: 正品 | F80: {=INDEX($D$1:$D$861,ROW()*2)} -> 发发发 | G80: {=INDEX($D$1:$D$861,ROW()*4-1)} -> 1.89 | H80: =G80*10000 -> 18900
A81: 发发发 | B81: 70000 | D81: 19.15 | F81: {=INDEX($D$1:$D$861,ROW()*2)} -> 竹节 | G81: {=INDEX($D$1:$D$861,ROW()*4-1)} -> 1.83 | H81: =G81*10000 -> 18300
A82: 竹节 | B82: 69500 | D82: 海蓝宝 | F82: {=INDEX($D$1:$D$861,ROW()*2)} -> 高颜值 | G82: {=INDEX($D$1:$D$861,ROW()*4-1)} -> 1.79 | H82: =G82*10000 -> 17900
A83: 高颜值 | B83: 69400 | D83: 17.46 | F83: {=INDEX($D$1:$D$861,ROW()*2)} -> 平安扣 | G83: {=INDEX($D$1:$D$861,ROW()*4-1)} -> 1.77 | H83: =G83*10000 -> 17700
A84: 平安扣 | B84: 68400 | D84: 新款 | F84: {=INDEX($D$1:$D$861,ROW()*2)} -> 女士 | G84: {=INDEX($D$1:$D$861,ROW()*4-1)} -> 1.71 | H84: =G84*10000 -> 17100
A85: 女士 | B85: 67000 | D85: 17.19 | F85: {=INDEX($D$1:$D$861,ROW()*2)} -> 普陀山 | G85: {=INDEX($D$1:$D$861,ROW()*4-1)} -> 1.7 | H85: =G85*10000 -> 17000
A86: 普陀山 | B86: 65900 | D86: 编绳 | F86: {=INDEX($D$1:$D$861,ROW()*2)} -> 学生党 | G86: {=INDEX($D$1:$D$861,ROW()*4-1)} -> 1.66 | H86: =G86*10000 -> 16600
A87: 学生党 | B87: 64900 | D87: 16.55 | F87: {=INDEX($D$1:$D$861,ROW()*2)} -> 青金石 | G87: {=INDEX($D$1:$D$861,ROW()*4-1)} -> 1.66 | H87: =G87*10000 -> 16600
A88: 青金石 | B88: 64500 | D88: 十八籽 | F88: {=INDEX($D$1:$D$861,ROW()*2)} -> apm | G88: {=INDEX($D$1:$D$861,ROW()*4-1)} -> 1.6 | H88: =G88*10000 -> 16000
A89: apm | B89: 64400 | D89: 16.41 | F89: {=INDEX($D$1:$D$861,ROW()*2)} -> babama | G89: {=INDEX($D$1:$D$861,ROW()*4-1)} -> 1.55 | H89: =G89*10000 -> 15500
A90: babama | B90: 64300 | D90: 编织 | F90: {=INDEX($D$1:$D$861,ROW()*2)} -> 高级 | G90: {=INDEX($D$1:$D$861,ROW()*4-1)} -> 1.53 | H90: =G90*10000 -> 15300
A91: 高级 | B91: 63800 | D91: 16.36 | F91: {=INDEX($D$1:$D$861,ROW()*2)} -> 碎银 | G91: {=INDEX($D$1:$D$861,ROW()*4-1)} -> 1.49 | H91: =G91*10000 -> 14900
A92: 碎银 | B92: 62700 | D92: 手镯 | F92: {=INDEX($D$1:$D$861,ROW()*2)} -> 蝴蝶 | G92: {=INDEX($D$1:$D$861,ROW()*4-1)} -> 1.46 | H92: =G92*10000 -> 14600
A93: 蝴蝶 | B93: 62400 | D93: 15.23 | F93: {=INDEX($D$1:$D$861,ROW()*2)} -> 红手绳 | G93: {=INDEX($D$1:$D$861,ROW()*4-1)} -> 1.44 | H93: =G93*10000 -> 14400
A94: 红手绳 | B94: 60000 | D94: 手饰 | F94: {=INDEX($D$1:$D$861,ROW()*2)} -> 陶瓷 | G94: {=INDEX($D$1:$D$861,ROW()*4-1)} -> 1.42 | H94: =G94*10000 -> 14200
A95: 陶瓷 | B95: 58900 | D95: 15.03 | F95: {=INDEX($D$1:$D$861,ROW()*2)} -> 金发晶 | G95: {=INDEX($D$1:$D$861,ROW()*4-1)} -> 1.37 | H95: =G95*10000 -> 13700
A96: 金发晶 | B96: 56600 | D96: 2024 | F96: {=INDEX($D$1:$D$861,ROW()*2)} -> 999 | G96: {=INDEX($D$1:$D$861,ROW()*4-1)} -> 1.32 | H96: =G96*10000 -> 13200
A97: 999 | B97: 55800 | D97: 14.98 | F97: {=INDEX($D$1:$D$861,ROW()*2)} -> 貔貅 | G97: {=INDEX($D$1:$D$861,ROW()*4-1)} -> 1.25 | H97: =G97*10000 -> 12500
A98: 貔貅 | B98: 55500 | D98: 纪梵希 | F98: {=INDEX($D$1:$D$861,ROW()*2)} -> 盘缠 | G98: {=INDEX($D$1:$D$861,ROW()*4-1)} -> 1.2 | H98: =G98*10000 -> 12000
A99: 盘缠 | B99: 53100 | D99: 14.7 | F99: {=INDEX($D$1:$D$861,ROW()*2)} -> 穿 | G99: {=INDEX($D$1:$D$861,ROW()*4-1)} -> 1.18 | H99: =G99*10000 -> 11800
A100: 穿 | B100: 53100 | D100: 白水晶 | F100: {=INDEX($D$1:$D$861,ROW()*2)} -> 猫眼石 | G100: {=INDEX($D$1:$D$861,ROW()*4-1)} -> 1.16 | H100: =G100*10000 -> 11600
...

Sheet 关键词需求归类
A1: 词根 | B1: 搜索人气 | C1: 需求分类
A2: 手链 | B2: 12344300 | C2: 品类需求
A3: 手串 | B3: 5805400 | C3: 品类需求
A4: 朱砂 | B4: 1663700 | C4: 属性需求
A5: 珍珠 | B5: 1034200 | C5: 属性需求
A6: 水晶 | B6: 754900 | C6: 属性需求
A7: redline | B7: 690500 | C7: 品牌需求
A8: 手绳 | B8: 563200 | C8: 品类需求
A9: 女 | B9: 545000 | C9: 人群需求
A10: 红绳 | B10: 516000 | C10: 品类需求
A11: 银 | B11: 451500 | C11: 属性需求
A12: 潘多拉 | B12: 415400 | C12: 品牌需求
A13: 女生 | B13: 401300 | C13: 人群需求
... A48: 手饰 | B48: 150300 | C48: 品类需求
A49: 2024 | B49: 149800 | C49: 风格需求
A50: 纪梵希 | B50: 147000 | C50: 品牌需求
A51: 白水晶 | B51: 145900 | C51: 属性需求
A52: 檀木 | B52: 136300 | C52: 属性需求
A53: 粉水晶 | B53: 129100 | C53: 属性需求
A54: 施华洛世奇 | B54: 125800 | C54: 品牌需求
A55: 配饰 | B55: 118400 | C55: 品类需求
A56: 判官 | B56: 108500 | C56: 功能功效
A57: 绿幽灵 | B57: 106200 | C57: 属性需求
A58: 五花 | B58: 102300 | C58: 风格需求
A59: 和田玉 | B59: 98400 | C59: 属性需求
A60: lv | B60: 97100 | C60: 品牌需求
A61: 月光石 | B61: 96700 | C61: 属性需求
... A96: 金发晶 | B96: 56600 | C96: 属性需求
A97: 999 | B97: 55800 | C97: 风格需求
A98: 貔貅 | B98: 55500 | C98: 属性需求
A99: 盘缠 | B99: 53100 | C99: 风格需求
A100: 穿 | B100: 53100 | C100: 场景需求
A101: 猫眼石 | B101: 52400 | C101: 属性需求
A102: 老凤祥 | B102: 51800 | C102: 品牌需求
A103: 草莓晶 | B103: 51400 | C103: 属性需求
A104: 鲸落 | B104: 51300 | C104: 风格需求
A105: 转运珠 | B105: 50000 | C105: 品类需求
A106: ins | B106: 48500 | C106: 风格需求
A107: 设计 | B107: 48500 | C107: 风格需求
A108: 转运 | B108: 47800 | C108: 功能功效
A109: 碎银子 | B109: 47500 | C109: 风格需求
... A154: 招财 | B154: 20400 | C154: 功能功效
A155: 18 | B155: 20200 | C155: 风格需求
A156: 籽 | B156: 20200 | C156: 风格需求
A157: 葫芦 | B157: 20100 | C157: 风格需求
A158: 石头记 | B158: 20100 | C158: 品牌需求
A159: 钻石 | B159: 19200 | C159: 属性需求
A160: 淡水珍珠 | B160: 18900 | C160: 属性需求
A161: 可爱 | B161: 18700 | C161: 风格需求
A162: 木质 | B162: 18300 | C162: 属性需求
A163: 孔雀石 | B163: 18300 | C163: 属性需求
A164: 定情信物 | B164: 17900 | C164: 功能功效
A165: tiffany | B165: 17900 | C165: 品牌需求
A166: 钛钢 | B166: 17700 | C166: 属性需求
A167: 可穿 | B167: 17300 | C167: 场景需求
... A366: 番禺 | B366: 724 | C366: 其他定制需求
A367: 4 | B367: 701 | C367: 其他定制需求
A368: 光夜 | B368: 701 | C368: 品牌需求
A369: if | B369: 697 | C369: 品牌需求
A370: someday | B370: 697 | C370: 品牌需求
A371: viviennewestwood | B371: 656 | C371: 品牌需求
A372: 吴越老银铺 | B372: 653 | C372: 品牌需求
A373: 磁吸 | B373: 647 | C373: 风格需求
A374: 山甲纹 | B374: 644 | C374: 其他定制需求
A375: stillgotwave | B375: 638 | C375: 品牌需求
A376: 潮色绘 | B376: 638 | C376: 品牌需求
A377: 蜜月 | B377: 626 | C377: 其他定制需求
A378: ff假朋友 | B378: 623 | C378: 其他定制需求
A379: una | B379: 612 | C379: 品牌需求
... A381: 花集 | B381: 611 | C381: 品牌需求

Sheet 八大需求词根归类分析报告
A1: 需求归类 | B1: 搜索人数 | C1: 需求占比 | D1: 分析报告
A2: 品类需求 | B2: =SUMIF('关键词需求归类'!C:C,A2,'关键词需求归类'!B:B) -> 21183164 | C2: =B2/SUM($B$2:$B$9) -> 0.50616803 | D2: 八大需求，最大的是品类词，也是搜索流量的体量词，具有极强的非标属性，客户自己也不知道想买什么样式的，需要逛和游览。其次是属性需求，类目的材质属性极多，主要以水晶玉石类为主，根据趋势分析，要规划在同人群下不同属性材质的趋势节点。人群的50%是女性人群，男性35%，但主词的女性人群占比70% 行业核心人群为女性人群 18-25占比47%
A3: 属性需求 | B3: =SUMIF('关键词需求归类'!C:C,A3,'关键词需求归类'!B:B) -> 9259517 | C3: =B3/SUM($B$2:$B$9) -> 0.22125455
A4: 人群需求 | B4: =SUMIF('关键词需求归类'!C:C,A4,'关键词需求归类'!B:B) -> 3167833 | C4: =B4/SUM($B$2:$B$9) -> 0.07569482
A5: 风格需求 | B5: =SUMIF('关键词需求归类'!C:C,A5,'关键词需求归类'!B:B) -> 3594445 | C5: =B5/SUM($B$2:$B$9) -> 0.08588864
A6: 场景需求 | B6: =SUMIF('关键词需求归类'!C:C,A6,'关键词需求归类'!B:B) -> 284400 | C6: =B6/SUM($B$2:$B$9) -> 0.0067956887
A7: 功能功效 | B7: =SUMIF('关键词需求归类'!C:C,A7,'关键词需求归类'!B:B) -> 787870 | C7: =B7/SUM($B$2:$B$9) -> 0.018826017
A8: 品牌需求 | B8: =SUMIF('关键词需求归类'!C:C,A8,'关键词需求归类'!B:B) -> 3515318 | C8: =B8/SUM($B$2:$B$9) -> 0.083997914
A9: 其他定制需求 | B9: =SUMIF('关键词需求归类'!C:C,A9,'关键词需求归类'!B:B) -> 57516 | C9: =B9/SUM($B$2:$B$9) -> 0.0013743348
A11: 需求归类 | B11: 词根 | C11: 搜索人数 | D11: 需求占比 | E11: 分析报告 | I11: 需求归类 | J11: 词根 | K11: 搜索人数 | L11: 需求占比 | M11: 分析报告
A12: 品类需求 | B12: 手链 | C12: 12344300 | D12: =IFERROR(C12/SUM($C$12:$C$21),"") -> 0.60227262 | E12: 手链，手串，红绳，串珠为主品类，手链和手串对比更年轻化一些，且消费力也低一些。手绳为趋势性词，主要在12-1月的新年节点 | I12: 属性需求 | J12: 朱砂 | K12: 1663700 | L12: =IFERROR(K12/SUM($K$12:$K$21),"") -> 0.29189768 | M12: 除朱砂外其他属性需求相对均匀，朱砂使用人群较广，主要集中在30-40岁之间。珍珠人群偏年轻。绿松石年龄30-50之间且高消费力。紫水晶在18-40之间有中偏高消费力。碧玺30-50高消费力人群，玛瑙25-50高消费力。石榴石20-40高消费。南红30-50高消费。黄水晶25-40高消费
B13: 手串 | C13: 5805400 | D13: =IFERROR(C13/SUM($C$12:$C$21),"") -> 0.28324275 | J13: 珍珠 | K13: 1034200 | L13: =IFERROR(K13/SUM($K$12:$K$21),"") -> 0.18145133
B14: 手绳 | C14: 563200 | D14: =IFERROR(C14/SUM($C$12:$C$21),"") -> 0.027478264 | J14: 水晶 | K14: 754900 | L14: =IFERROR(K14/SUM($K$12:$K$21),"") -> 0.13244789
B15: 红绳 | C15: 516000 | D15: =IFERROR(C15/SUM($C$12:$C$21),"") -> 0.025175398 | J15: 银 | K15: 451500 | L15: =IFERROR(K15/SUM($K$12:$K$21),"") -> 0.079216085
B16: 串珠 | C16: 377100 | D16: =IFERROR(C16/SUM($C$12:$C$21),"") -> 0.018398532 | J16: 绿松石 | K16: 352200 | L16: =IFERROR(K16/SUM($K$12:$K$21),"") -> 0.06179381
B17: 编织绳 | C17: 214500 | D17: =IFERROR(C17/SUM($C$12:$C$21),"") -> 0.010465355 | J17: 纯银 | K17: 339900 | L17: =IFERROR(K17/SUM($K$12:$K$21),"") -> 0.059635764
B18: 佛珠 | C18: 207600 | D18: =IFERROR(C18/SUM($C$12:$C$21),"") -> 0.010128707 | J18: 紫水晶 | K18: 295700 | L18: =IFERROR(K18/SUM($K$12:$K$21),"") -> 0.051880834
B19: 编绳 | C19: 165500 | D19: =IFERROR(C19/SUM($C$12:$C$21),"") -> 0.0080746675 | J19: 碧玺 | K19: 285500 | L19: =IFERROR(K19/SUM($K$12:$K$21),"") -> 0.050091234
B20: 手镯 | C20: 152300 | D20: =IFERROR(C20/SUM($C$12:$C$21),"") -> 0.0074306457 | J20: 黑曜石 | K20: 261400 | L20: =IFERROR(K20/SUM($K$12:$K$21),"") -> 0.045862868
B21: 手饰 | C21: 150300 | D21: =IFERROR(C21/SUM($C$12:$C$21),"") -> 0.0073330666 | J21: 玛瑙 | K21: 260600 | L21: =IFERROR(K21/SUM($K$12:$K$21),"") -> 0.045722507
B22: 配饰 | C22: 118400 | D22: =IFERROR(C22/SUM($C$12:$C$21),"") -> 0.0057766806 | J22: 石榴石 | K22: 248900 | L22: =IFERROR(K22/SUM($K$12:$K$21),"") -> 0.043669731
B23: 珠子 | C23: 95200 | D23: =IFERROR(C23/SUM($C$12:$C$21),"") -> 0.0046447634 | J23: 南红 | K23: 231600 | L23: =IFERROR(K23/SUM($K$12:$K$21),"") -> 0.04063443
B24: 玉 | C24: 84000 | D24: =IFERROR(C24/SUM($C$12:$C$21),"") -> 0.0040983207 | J24: 黄水晶 | K24: 201300 | L24: =IFERROR(K24/SUM($K$12:$K$21),"") -> 0.035318268
... B26: 红手绳 | C26: 60000 | D26: =IFERROR(C26/SUM($C$12:$C$21),"") -> 0.0029273719 | J26: 海蓝宝 | K26: 174600 | L26: =IFERROR(K26/SUM($K$12:$K$21),"") -> 0.030633729
A28: 需求归类 | B28: 词根 | C28: 搜索人数 | D28: 需求占比 | E28: 分析报告 | I28: 需求归类 | J28: 词根 | K28: 搜索人数 | L28: 需求占比 | M28: 分析报告
A29: 人群需求 | B29: 女 | C29: 545000 | D29: =IFERROR(C29/SUM($C$29:$C$38),"") -> 0.18635664 | E29: 女性人群为主，类目大词的人群占比基本在70%，且人群具有高消费力 | I29: 风格需求 | J29: 四叶草 | K29: 384600 | L29: =IFERROR(K29/SUM($K$29:$K$38),"") -> 0.17883381 | M29: 主体分为祝福类和小资轻奢类。
B30: 女生 | C30: 401300 | D30: =IFERROR(C30/SUM($C$29:$C$38),"") -> 0.13722004 | J30: 小众 | K30: 358100 | L30: =IFERROR(K30/SUM($K$29:$K$38),"") -> 0.16651167
B31: 女款 | C31: 400300 | D31: =IFERROR(C31/SUM($C$29:$C$38),"") -> 0.1368781 | J31: 天然 | K31: 296100 | L31: =IFERROR(K31/SUM($K$29:$K$38),"") -> 0.13768251
B32: 情侣 | C32: 381600 | D32: =IFERROR(C32/SUM($C$29:$C$38),"") -> 0.13048384 | J32: 精致 | K32: 235400 | L32: =IFERROR(K32/SUM($K$29:$K$38),"") -> 0.10945783
B33: 男士 | C33: 296600 | D33: =IFERROR(C33/SUM($C$29:$C$38),"") -> 0.10141905 | J33: 轻奢 | K33: 199700 | L33: =IFERROR(K33/SUM($K$29:$K$38),"") -> 0.092857807
B34: 男款 | C34: 293500 | D34: =IFERROR(C34/SUM($C$29:$C$38),"") -> 0.10035904 | J34: 新款 | K34: 171900 | L34: =IFERROR(K34/SUM($K$29:$K$38),"") -> 0.079931182
B35: 男生 | C35: 234800 | D35: =IFERROR(C35/SUM($C$29:$C$38),"") -> 0.080287229 | J35: 编织 | K35: 163600 | L35: =IFERROR(K35/SUM($K$29:$K$38),"") -> 0.076071794
B36: 男 | C36: 217300 | D36: =IFERROR(C36/SUM($C$29:$C$38),"") -> 0.0743033 | J36: 2024 | K36: 149800 | L36: =IFERROR(K36/SUM($K$29:$K$38),"") -> 0.06965498
B37: 闺蜜 | C37: 80600 | D37: =IFERROR(C37/SUM($C$29:$C$38),"") -> 0.027560267 | J37: 五花 | K37: 102300 | L37: =IFERROR(K37/SUM($K$29:$K$38),"") -> 0.047568121
B38: 儿童 | C38: 73500 | D38: =IFERROR(C38/SUM($C$29:$C$38),"") -> 0.025132501 | J38: 叠戴 | K38: 89100 | L38: =IFERROR(K38/SUM($K$29:$K$38),"") -> 0.041430299
B39: 女士 | C39: 67000 | D39: =IFERROR(C39/SUM($C$29:$C$38),"") -> 0.022909899 | J39: 一缕瓷 | K39: 86100 | L39: =IFERROR(K39/SUM($K$29:$K$38),"") -> 0.040035339
B40: 学生党 | C40: 64900 | D40: =IFERROR(C40/SUM($C$29:$C$38),"") -> 0.022191828 | J40: 运动感 | K40: 75000 | L40: =IFERROR(K40/SUM($K$29:$K$38),"") -> 0.034873989
B41: 一对 | C41: 28900 | D41: =IFERROR(C41/SUM($C$29:$C$38),"") -> 0.0098820311 | J41: 冷门 | K41: 70000 | L41: =IFERROR(K41/SUM($K$29:$K$38),"") -> 0.032549056
B42: 女孩 | C42: 20600 | D42: =IFERROR(C42/SUM($C$29:$C$38),"") -> 0.0070439391 | J42: 竹节 | K42: 69500 | L42: =IFERROR(K42/SUM($K$29:$K$38),"") -> 0.032316563
B43: 送女友 | C43: 16000 | D43: =IFERROR(C43/SUM($C$29:$C$38),"") -> 0.0054710207 | J43: 高颜值 | K43: 69400 | L43: =IFERROR(K43/SUM($K$29:$K$38),"") -> 0.032270064
A45: 需求归类 | B45: 词根 | C45: 搜索人数 | D45: 需求占比 | E45: 分析报告 | I45: 需求归类 | J45: 词根 | K45: 搜索人数 | L45: 需求占比 | M45: 分析报告
A46: 场景需求 | B46: 穿 | C46: 53100 | D46: =IFERROR(C46/SUM($C$46:$C$57),"") -> 0.18670886 | E46: 非主体 | I46: 功能功效 | J46: 情绪稳定 | K46: 271600 | L46: =IFERROR(K46/SUM($K$46:$K$57),"") -> 0.37848384 | M46: 招财类为主体
B47: 七夕 | C47: 46500 | D47: =IFERROR(C47/SUM($C$46:$C$57),"") -> 0.16350211 | J47: 判官 | K47: 108500 | L47: =IFERROR(K47/SUM($K$46:$K$57),"") -> 0.15119844
B48: 本命年 | C48: 45700 | D48: =IFERROR(C48/SUM($C$46:$C$57),"") -> 0.16068917 | J48: 好运 | K48: 93000 | L48: =IFERROR(K48/SUM($K$46:$K$57),"") -> 0.12959866
B49: 同款 | C49: 33200 | D49: =IFERROR(C49/SUM($C$46:$C$57),"") -> 0.11673699 | J49: 发发发 | K49: 70000 | L49: =IFERROR(K49/SUM($K$46:$K$57),"") -> 0.09754738
B50: 手 | C50: 27900 | D50: =IFERROR(C50/SUM($C$46:$C$57),"") -> 0.098101266 | J50: 转运 | K50: 47800 | L50: =IFERROR(K50/SUM($K$46:$K$57),"") -> 0.066610925
B51: 可穿 | C51: 17300 | D51: =IFERROR(C51/SUM($C$46:$C$57),"") -> 0.060829817 | J51: 山鬼花钱 | K51: 28300 | L51: =IFERROR(K51/SUM($K$46:$K$57),"") -> 0.039437012
B52: 盘玩 | C52: 16600 | D52: =IFERROR(C52/SUM($C$46:$C$57),"") -> 0.058368495 | J52: 多宝 | K52: 26900 | L52: =IFERROR(K52/SUM($K$46:$K$57),"") -> 0.037486065
B53: 半成品 | C53: 16600 | D53: =IFERROR(C53/SUM($C$46:$C$57),"") -> 0.058368495 | J53: 招财 | K53: 20400 | L53: =IFERROR(K53/SUM($K$46:$K$57),"") -> 0.028428094
B54: 佩戴 | C54: 14200 | D54: =IFERROR(C54/SUM($C$46:$C$57),"") -> 0.049929677 | J54: 定情信物 | K54: 17900 | L54: =IFERROR(K54/SUM($K$46:$K$57),"") -> 0.024944259
B55: 礼物 | C55: 13300 | D55: =IFERROR(C55/SUM($C$46:$C$57),"") -> 0.04676512 | J55: 旺财运 | K55: 11100 | L55: =IFERROR(K55/SUM($K$46:$K$57),"") -> 0.015468227
J56: 聚财 | K56: 11100 | L56: =IFERROR(K56/SUM($K$46:$K$57),"") -> 0.015468227
J57: 桃花 | K57: 11000 | L57: =IFERROR(K57/SUM($K$46:$K$57),"") -> 0.015328874
A59: 需求归类 | B59: 词根 | C59: 搜索人数 | D59: 需求占比 | E59: 分析报告 | I59: 需求归类 | J59: 词根 | K59: 搜索人数 | L59: 需求占比 | M59: 分析报告
A60: 品牌需求 | B60: redline | C60: 690500 | D60: =IFERROR(C60/SUM($C$60:$C$69),"") -> 0.27783366 | E60: 非主体 | I60: 其他定制需求 | J60: 春序 | K60: 12000 | L60: =IFERROR(K60/SUM($K$60:$K$69),"") -> 0.26230082 | M60: 非主体
B61: 潘多拉 | C61: 415400 | D61: =IFERROR(C61/SUM($C$60:$C$69),"") -> 0.1671428 | J61: 商店 | K61: 6519 | L61: =IFERROR(K61/SUM($K$60:$K$69),"") -> 0.14249492
B62: 旗舰店 | C62: 338800 | D62: =IFERROR(C62/SUM($C$60:$C$69),"") -> 0.13632157 | J62: 邮差 | K62: 6519 | L62: =IFERROR(K62/SUM($K$60:$K$69),"") -> 0.14249492
B63: 官方 | C63: 304200 | D63: =IFERROR(C63/SUM($C$60:$C$69),"") -> 0.12239971 | J63: 珠宝 | K63: 6337 | L63: =IFERROR(K63/SUM($K$60:$K$69),"") -> 0.13851669
B64: 正品 | C64: 191500 | D64: =IFERROR(C64/SUM($C$60:$C$69),"") -> 0.077053072 | J64: 模块 | K64: 4218 | L64: =IFERROR(K64/SUM($K$60:$K$69),"") -> 0.092198737
B65: 纪梵希 | C65: 147000 | D65: =IFERROR(C65/SUM($C$60:$C$69),"") -> 0.059147789 | J65: 黑绳 | K65: 2972 | L65: =IFERROR(K65/SUM($K$60:$K$69),"") -> 0.064963169
B66: 施华洛世奇 | C66: 125800 | D66: =IFERROR(C66/SUM($C$60:$C$69),"") -> 0.050617632 | J66: 仿真 | K66: 2281 | L66: =IFERROR(K66/SUM($K$60:$K$69),"") -> 0.049859013
B67: lv | C67: 97100 | D67: =IFERROR(C67/SUM($C$60:$C$69),"") -> 0.03906973 | J67: 变身 | K67: 1962 | L67: =IFERROR(K67/SUM($K$60:$K$69),"") -> 0.042886183
B68: 西太后 | C68: 88600 | D68: =IFERROR(C68/SUM($C$60:$C$69),"") -> 0.03564962 | J68: 超级 | K68: 1774 | L68: =IFERROR(K68/SUM($K$60:$K$69),"") -> 0.038776804
B69: 景德镇 | C69: 86400 | D69: =IFERROR(C69/SUM($C$60:$C$69),"") -> 0.034764415 | J69: 肯尼亚 | K69: 1167 | L69: =IFERROR(K69/SUM($K$60:$K$69),"") -> 0.025508754

Sheet 细分词分类报告
A1: Q2季度：7/8/9 产品布局
A2: 第二季度关键词趋势变化
A27: 结论 | B27: 夏季：7-8月虽然仍然有搜索，但是已经是下滑趋势，开款操作来不及，放弃 四季：6月底继续布链接，7-10月持续销售 冬季：10月出现了关键词高占位，9月就需要开始提前操作拉伸对应关键词的权重，8月进行产品开发和包装 防滑固定：8-10月都表现不错，需要具体分析，目前皮沙发专用有关联可以吃这个关键词的流量
A28: 2024年9月-沙发垫搜索8000+关键词需求分类
A29: 类目需求词 | B29: 排名 | C29: 关键词 | F29: 搜索指数 | G29: 支付指数 | H29: 需求
B30: 1 | C30: 沙发垫 | F30: 109.33万 | G30: 11.15万
B31: 2 | C31: 沙发盖布 | F31: 78.67万 | G31: 10.83万
B32: 3 | C32: 沙发套罩2024新款 | F32: 44.27万 | G32: 3.04万
B33: 4 | C33: 沙发巾 | F33: 22.19万 | G33: 2.92万 | H33: 沙发巾
B34: 5 | C34: 沙发坐垫 | F34: 18.56万 | G34: 1.36万
B35: 6 | C35: 沙发垫布 | F35: 13.66万 | G35: 1.63万
B36: 7 | C36: 沙发垫子 | F36: 12.18万 | G36: 9132
B37: 8 | C37: 沙发布 | F37: 11.92万 | G37: 1.75万
B38: 9 | C38: 沙发盖巾 | F38: 11.53万 | G38: 1.54万
B39: 10 | C39: 沙发垫固定防滑 | F39: 11.15万 | G39: 1.27万 | H39: 防滑
B40: 11 | C40: 沙发垫子2024新款四季通用 | F40: 11.14万 | G40: 9161 | H40: 四季
B41: 12 | C41: 沙发垫2024新款四季通用 | F41: 9.64万 | G41: 7327 | H41: 四季
B42: 13 | C42: 沙发垫四季通用2024新款 | F42: 9.41万 | G42: 8290 | H42: 四季
B43: 14 | C43: 沙发巾2024年流行新款 | F43: 8.63万 | G43: 6552 | H43: 沙发巾
B44: 15 | C44: 沙发巾一整张全盖 | F44: 8.56万 | G44: 8913 | H44: 沙发巾
B45: 16 | C45: 高密度海绵垫 | F45: 8.26万 | G45: 4547 | H45: 海绵
B46: 17 | C46: 沙发垫轻奢高级感 | F46: 7.63万 | G46: 7146 | H46: 轻奢高级
B47: 18 | C47: 沙发垫坐垫 | F47: 6.56万 | G47: 5334
B48: 19 | C48: 沙发垫四季通用 | F48: 6.52万 | G48: 1.32万 | H48: 四季
B49: 20 | C49: 沙发垫海绵垫 | F49: 6.51万 | G49: 4278 | H49: 海绵
B50: 21 | C50: 沙发四季通用垫 | F50: 5.40万 | G50: 4904 | H50: 四季
B51: 22 | C51: 沙发垫四季通用新款2024 | F51: 4.93万 | G51: 4353 | H51: 四季
B52: 23 | C52: 沙发垫轻奢高级感简约现代 | F52: 4.56万 | G52: 4263 | H52: 轻奢高级
B53: 24 | C53: 直排沙发垫 | F53: 4.27万 | G53: 1892
B54: 25 | C54: 高密度海绵 | F54: 3.92万 | G54: 3339 | H54: 海绵
B55: 26 | C55: 沙发垫子四季通用 | F55: 3.80万 | G55: 3711 | H55: 四季
B56: 27 | C56: 三座一贵妃沙发套 | F56: 3.43万 | G56: 2055 | H56: 三座一贵妃
B57: 28 | C57: 沙发巾盖布 | F57: 3.35万 | G57: 3594 | H57: 沙发巾
B58: 29 | C58: 沙发靠背盖巾 | F58: 3.18万 | G58: 4030
B59: 30 | C59: 沙发凉席垫 | F59: 2.60万 | G59: 3296
B60: 31 | C60: 沙发坐垫套罩 | F60: 2.46万 | G60: 3077
B61: 32 | C61: 四季通用沙发垫 | F61: 2.43万 | G61: 2489 | H61: 四季
B62: 33 | C62: 沙发套罩2024新款四季通用 | F62: 2.40万 | G62: 1858 | H62: 四季
B63: 34 | C63: 沙发套罩新款2024 | F63: 2.33万 | G63: 1818
B64: 35 | C64: 防滑沙发垫 | F64: 2.31万 | G64: 2608 | H64: 防滑
B65: 36 | C65: 四季沙发垫 | F65: 2.24万 | G65: 2371 | H65: 四季
B66: 37 | C66: 沙发布盖布 | F66: 2.23万 | G66: 2918
B67: 38 | C67: 沙发扶手盖巾 | F67: 2.23万 | G67: 3578
B68: 39 | C68: 皮沙发专用套罩 | F68: 2.16万 | G68: 1338 | H68: 皮沙发
B69: 40 | C69: 通用四季沙发垫 | F69: 2.16万 | G69: 3321 | H69: 四季
B70: 41 | C70: 沙发垫一片式 | F70: 2.14万 | G70: 1702 | H70: 沙发巾
B71: 42 | C71: 沙发全盖布 | F71: 2.01万 | G71: 1730 | H71: 沙发巾
B72: 43 | C72: 皮沙发坐垫 | F72: 2.00万 | G72: 1517 | H72: 皮沙发
B73: 44 | C73: 沙发坐垫四季通用 | F73: 1.95万 | G73: 1970 | H73: 四季
B74: 45 | C74: 三座一贵妃沙发垫 | F74: 1.88万 | G74: 766 | H74: 三座一贵妃
B75: 46 | C75: 红木沙发坐垫 | F75: 1.87万 | G75: 1589
B76: 47 | C76: 沙发套三位一贵妃四季通用 | F76: 1.72万 | G76: 702 | H76: 三座一贵妃
B77: 48 | C77: 2024新款沙发垫 | F77: 1.68万 | G77: 2305
B78: 49 | C78: 沙发硬板垫 | F78: 1.62万 | G78: 581
B79: 50 | C79: 沙发罩盖布 | F79: 1.61万 | G79: 2226
B80: 51 | C80: 沙发海绵 | F80: 1.61万 | G80: 998 | H80: 海绵
B81: 52 | C81: 三只羊旗舰店 | F81: 1.61万 | G81: 93 | H81: 海绵
B82: 53 | C82: 田园沙发垫 | F82: 1.55万 | G82: 456
B83: 54 | C83: 50d高密度海绵 | F83: 1.54万 | G83: 257 | H83: 海绵
B84: 55 | C84: 沙发垫定制 | F84: 1.52万 | G84: 1179
B85: 56 | C85: 沙发套子定做 | F85: 1.48万 | G85: 550
B86: 57 | C86: 新中式沙发垫 | F86: 1.48万 | G86: 1154 | H86: 新中式
B87: 58 | C87: 沙发海绵垫 | F87: 1.41万 | G87: 958 | H87: 海绵
B88: 59 | C88: 沙发防滑垫 | F88: 1.41万 | G88: 2283 | H88: 防滑
B89: 60 | C89: 沙发巾2024年新款四季通用 | F89: 1.40万 | G89: 1108 | H89: 四季
B90: 61 | C90: 沙发垫子海绵垫 | F90: 1.40万 | G90: 710 | H90: 海绵
B91: 62 | C91: 沙发套轻奢高级感 | F91: 1.39万 | G91: 1135 | H91: 轻奢高级
B92: 63 | C92: 皮质沙发专用垫 | F92: 1.37万 | G92: 873 | H92: 皮沙发
B93: 64 | C93: 皮沙发防滑专用垫四季通用 | F93: 1.36万 | G93: 813 | H93: 皮沙发
B94: 65 | C94: 沙发凉席坐垫 | F94: 1.35万 | G94: 1562
B95: 66 | C95: 沙发布盖布高级感 | F95: 1.35万 | G95: 1478
B96: 67 | C96: 防滑沙发套 | F96: 1.35万 | G96: 781 | H96: 防滑
B97: 68 | C97: 欧式沙发套罩 | F97: 1.33万 | G97: 302
B98: 69 | C98: 单人沙发盖布 | F98: 1.32万 | G98: 2392
B99: 70 | C99: 沙发巾高级感轻奢 | F99: 1.32万 | G99: 1339 | H99: 轻奢高级
B100: 71 | C100: 皮沙发垫 | F100: 1.31万 | G100: 1046 | H100: 皮沙发
B101: 72 | C101: 沙发背靠巾 | F101: 1.30万 | G101: 1942
B102: 73 | C102: 沙发海绵垫加厚加硬 | F102: 1.30万 | G102: 756 | H102: 海绵
B103: 74 | C103: 真皮沙发专用套罩 | F103: 1.30万 | G103: 728 | H103: 皮沙发
B104: 75 | C104: 欧式沙发垫子 | F104: 1.29万 | G104: 426
B105: 76 | C105: 客厅2024新款沙发垫 | F105: 1.27万 | G105: 1508
B106: 77 | C106: 高密度海绵沙发垫 | F106: 1.25万 | G106: 892 | H106: 海绵
B107: 78 | C107: 直排三人位沙发垫 | F107: 1.25万 | G107: 816
B108: 79 | C108: 沙发凉席 | F108: 1.24万 | G108: 1637
B109: 148 | C109: 新中式沙发垫套罩 | F109: 8762 | G109: 524 | H109: 新中式
B110: 81 | C110: 沙发盖布轻奢高级感 | F110: 1.23万 | G110: 1372 | H110: 轻奢高级
B111: 82 | C111: 三座一贵妃沙发巾 | F111: 1.22万 | G111: 519 | H111: 三座一贵妃
B112: 83 | C112: 沙发盖布全棉 | F112: 1.22万 | G112: 462 | H112: 棉
B113: 84 | C113: 沙发盖布四季通用 | F113: 1.22万 | G113: 1851 | H113: 四季
B114: 85 | C114: 四季沙发盖布 | F114: 1.20万 | G114: 1149 | H114: 四季
B115: 86 | C115: 雪尼尔沙发垫 | F115: 1.20万 | G115: 1729
B116: 87 | C116: 沙发盖布防滑 | F116: 1.19万 | G116: 1364 | H116: 防滑
B117: 88 | C117: 单人沙发垫 | F117: 1.19万 | G117: 1561
B118: 89 | C118: 2024年新款沙发垫 | F118: 1.19万 | G118: 1870
B119: 90 | C119: 沙发扶手垫 | F119: 1.17万 | G119: 1218
B120: 91 | C120: 沙发海绵垫加厚加硬高密度 | F120: 1.16万 | G120: 637 | H120: 海绵
B121: 92 | C121: 沙发布盖布一片式 | F121: 1.16万 | G121: 1595
B122: 93 | C122: 红木沙发垫坐垫 | F122: 1.16万 | G122: 667
B123: 94 | C123: 美式沙发垫 | F123: 1.15万 | G123: 1076
B124: 95 | C124: 木沙发垫坐垫 | F124: 1.15万 | G124: 714
...
